{"cameraMode":{"drawMode":0,"name":"Shaded","section":"Shading Mode"},"sceneLighting":true,"audioPlay":false,"sceneViewState":{"m_AlwaysRefresh":false,"showFog":true,"showSkybox":true,"showFlares":true,"showImageEffects":true,"showParticleSystems":true,"showVisualEffectGraphs":true,"m_FxEnabled":true},"in2DMode":false,"pivot":{"x":3.043421506881714,"y":1.1469281911849976,"z":0.4213356375694275},"rotation":{"x":-0.10299460589885712,"y":-0.7605729103088379,"z":0.12452898919582367,"w":-0.6288655400276184},"size":6.6764116287231449,"orthographic":false}