{"cameraMode":{"drawMode":0,"name":"Shaded","section":"Shading Mode"},"sceneLighting":true,"audioPlay":false,"sceneViewState":{"m_AlwaysRefresh":false,"showFog":true,"showSkybox":true,"showFlares":true,"showImageEffects":true,"showParticleSystems":true,"showVisualEffectGraphs":true,"m_FxEnabled":true},"in2DMode":false,"pivot":{"x":4.252081394195557,"y":1.5066516399383546,"z":2.4398927688598635},"rotation":{"x":0.05815183371305466,"y":0.873889148235321,"z":-0.10803356021642685,"w":0.47039225697517397},"size":7.089233875274658,"orthographic":false}